customer_name,state,product_category,total_amount
Emeka Obiora,Oyo,Home & Kitchen,35067.0
Rukayat Obiora,anambra,Home & Kitchen,47676.0
Segun Chukwu,KANO,Fashion,80190.0
Ifeanyi Obiora,delta,Electronics,104930.0
Chidi Salami,enugu,Fashion,96036.0
Tunde Adeyemi,ABUJA,Home & Kitchen,285000.0
Musa Usman,Lagos,Electronics,173730.0
Halima Usman,RIVERS,Fashion,59560.0
Ngozi Okafor,Oyo,Electronics,86528.0
Ngozi Salami,anambra,Fashion,41844.0
Ibrahim Adeyemi,ENUGU,Electronics,83098.0
Rukayat Nwosu,lagos,Home & Kitchen,66216.0
Emeka Garba,OGUN,Beauty & Health,31803.0
Chukwuemeka Chukwu,ogun,Fashion,71652.0
Chidi Eze,ENUGU,Fashion,38192.0
Kemi Lawal,Ogun,Electronics,46251.0
Tunde Musa,Delta,Electronics,54066.0
Zainab Nwachukwu,ABUJA,Electronics,35360.0
Amina Okafor,Oyo,Beauty & Health,34570.0
Halima Eze,Anambra,Electronics,98492.0
Halima Nwachukwu,Lagos,Electronics,136045.0
Chukwuemeka Abubakar,Kano,Home & Kitchen,95045.0
Damilola Chukwu,Rivers,Home & Kitchen,97488.0
Tunde Mohammed,Kano,Food & Drinks,32370.0
Chidi Eze,ogun,Beauty & Health,32620.0
Segun Salami,OYO,Home & Kitchen,52986.0
Segun Bello,anambra,Home & Kitchen,144835.0
Fatima Nwosu,Kano,Fashion,51065.0
Obinna Usman,Abuja,Home & Kitchen,43230.0
Chioma Ogundipe,ANAMBRA,Home & Kitchen,312000.0
Chukwuemeka Okonkwo,Rivers,Beauty & Health,49815.0
Chioma Yusuf,OYO,Electronics,43068.0
Tunde Obiora,KADUNA,Fashion,60942.0
Oluwaseun Ogundipe,Kano,Electronics,132009.0
Obinna Abubakar,rivers,Home & Kitchen,91122.0
Oluwaseun Garba,abuja,Fashion,75284.0
Babatunde Nwosu,Oyo,Fashion,84890.0
Ngozi Chukwu,abuja,Beauty & Health,66420.0
Chioma Adeleke,ANAMBRA,Electronics,68625.0
Halima Ogundipe,Anambra,Fashion,47170.0
Babatunde Adeyemi,oyo,Fashion,50583.0
Tunde Obiora,lagos,Fashion,76872.0
Chioma Nwosu,Rivers,Home & Kitchen,97105.0
Yusuf Abubakar,lagos,Home & Kitchen,40648.0
Obinna Obi,Lagos,Beauty & Health,31572.0
Tunde Garba,KADUNA,Fashion,114645.0
Damilola Musa,KADUNA,Beauty & Health,38943.0
Ngozi Garba,Lagos,Electronics,41430.0
Ifeanyi Okafor,KANO,Electronics,175196.0
Damilola Lawal,lagos,Electronics,86220.0
Oluwaseun Obi,Oyo,Home & Kitchen,37776.0
Adaeze Yusuf,rivers,Electronics,80918.0
Adaeze Salami,Ogun,Electronics,142608.0
Damilola Lawal,Kaduna,Fashion,65298.0
Chioma Mohammed,rivers,Electronics,64468.0
Tunde Okafor,Enugu,Beauty & Health,61100.0
Blessing Salami,ANAMBRA,Home & Kitchen,44930.0
Aisha Okonkwo,Anambra,Beauty & Health,68865.0
Aisha Adeleke,kano,Beauty & Health,69248.0
Nneka Adeyemi,Delta,Electronics,137710.0
Emeka Lawal,RIVERS,Home & Kitchen,53120.0
Obinna Okafor,Kano,Electronics,44537.0
Babatunde Nwosu,Abuja,Home & Kitchen,53208.0
Zainab Eze,lagos,Food & Drinks,36070.0
Babatunde Yusuf,enugu,Fashion,32664.0
Zainab Ogundipe,Delta,Fashion,59790.0
Chioma Adeleke,delta,Electronics,66232.0
Zainab Obi,oyo,Electronics,159736.0
Oluwaseun Mohammed,OGUN,Electronics,65120.0
Fatima Okafor,Delta,Beauty & Health,40244.0
Yusuf Bello,abuja,Beauty & Health,33264.0
Emeka Garba,Ogun,Electronics,50910.0
Ibrahim Musa,kaduna,Electronics,135912.0
Aisha Eze,Ogun,Beauty & Health,37401.0
Aisha Usman,kano,Fashion,70053.0
Segun Nwosu,delta,Home & Kitchen,137635.0
Segun Ogundipe,oyo,Electronics,41745.0
Chidi Okonkwo,DELTA,Fashion,51596.0
Ngozi Nwosu,abuja,Home & Kitchen,95778.0
Yusuf Nwosu,Delta,Home & Kitchen,123196.0
Ifeanyi Ogundipe,KADUNA,Fashion,61065.0
Emeka Nwosu,Kano,Home & Kitchen,43017.0
Segun Nwachukwu,Kano,Beauty & Health,76910.0
Ifeanyi Adeleke,Anambra,Food & Drinks,39585.0
Oluwaseun Okonkwo,Abuja,Home & Kitchen,94085.0
Nneka Okafor,RIVERS,Electronics,77512.0
Babatunde Yusuf,Lagos,Electronics,120222.0
Chidi Obi,OYO,Fashion,85570.0
Damilola Yusuf,RIVERS,Home & Kitchen,107660.0
Nneka Nwosu,Kaduna,Home & Kitchen,100242.0
Chidi Bello,enugu,Beauty & Health,83345.0
Rukayat Bello,kano,Fashion,102700.0
Chidi Eze,Delta,Electronics,37668.0
Kemi Nwachukwu,Ogun,Electronics,172996.0
Yusuf Obi,Rivers,Electronics,148755.0
Rukayat Chukwu,Rivers,Electronics,106568.0
Aisha Usman,ogun,Home & Kitchen,38913.0
Ibrahim Mohammed,RIVERS,Home & Kitchen,36476.0
Halima Obiora,Abuja,Electronics,111304.0
Aisha Salami,OGUN,Fashion,35592.0
Kemi Bello,rivers,Home & Kitchen,58248.0
Fatima Obiora,Delta,Home & Kitchen,43968.0
Chidi Yusuf,Anambra,Beauty & Health,80800.0
Nneka Okafor,Lagos,Fashion,52122.0
Babatunde Garba,enugu,Home & Kitchen,37468.0
Zainab Nwosu,Rivers,Fashion,34200.0
Chukwuemeka Okonkwo,Kaduna,Electronics,99068.0
Nneka Nwachukwu,KANO,Home & Kitchen,104070.0
Ngozi Lawal,Abuja,Electronics,30414.0
Fatima Obi,Anambra,Fashion,112450.0
Chioma Chukwu,Kano,Home & Kitchen,59614.0
Segun Lawal,Kano,Fashion,93488.0
Chukwuemeka Abubakar,KADUNA,Food & Drinks,30845.0
Nneka Mohammed,Rivers,Electronics,170524.0
Aisha Abubakar,ABUJA,Fashion,46701.0
Ifeanyi Adeyemi,Ogun,Home & Kitchen,112132.0
Yusuf Adeleke,Abuja,Beauty & Health,59004.0
Ngozi Okonkwo,Kaduna,Home & Kitchen,105772.0
Musa Mohammed,rivers,Electronics,223600.0
Zainab Adeyemi,DELTA,Beauty & Health,59056.0
Amina Abubakar,Kaduna,Fashion,43006.0
Oluwaseun Lawal,lagos,Home & Kitchen,137084.0
Ngozi Nwosu,Abuja,Electronics,102291.0
Musa Nwosu,kano,Electronics,200875.0
Kemi Musa,Kano,Electronics,102000.0
Aisha Garba,Kano,Electronics,84458.0
Yusuf Nwachukwu,KANO,Electronics,141660.0
Chidi Obiora,abuja,Fashion,74595.0
Zainab Musa,kaduna,Home & Kitchen,170735.0
Ifeanyi Chukwu,Kaduna,Beauty & Health,58924.0
Musa Garba,anambra,Home & Kitchen,33036.0
Rukayat Lawal,OYO,Electronics,42437.0
Obinna Eze,ABUJA,Home & Kitchen,42315.0
Kemi Garba,KANO,Beauty & Health,86390.0
Obinna Okafor,Rivers,Electronics,153968.0
Ifeanyi Adeyemi,Kaduna,Electronics,52422.0
Babatunde Okafor,Kano,Home & Kitchen,33413.0
Fatima Okonkwo,Oyo,Electronics,144420.0
Babatunde Musa,anambra,Electronics,55530.0
Ngozi Garba,Rivers,Electronics,176230.0
Aisha Okonkwo,Lagos,Fashion,68104.0
Yusuf Garba,Delta,Electronics,39482.0
Chidi Obiora,LAGOS,Electronics,75106.0
Obinna Okonkwo,delta,Electronics,66411.0
Blessing Adeleke,kano,Electronics,39585.0
Chioma Adeleke,Kaduna,Electronics,79578.0
Blessing Usman,Ogun,Home & Kitchen,37348.0
Chidi Mohammed,Kaduna,Electronics,114624.0
Aisha Obiora,kaduna,Fashion,53667.0
Segun Okonkwo,Kano,Fashion,74628.0
Musa Mohammed,kaduna,Home & Kitchen,120832.0
Kemi Ogundipe,delta,Beauty & Health,51472.0
Yusuf Bello,Abuja,Fashion,121280.0
Yusuf Chukwu,Kaduna,Home & Kitchen,123992.0
Aisha Salami,LAGOS,Electronics,80760.0
Segun Adeyemi,Kano,Home & Kitchen,149620.0
Amina Bello,OYO,Beauty & Health,36056.0
Zainab Obi,KANO,Electronics,171840.0
Kemi Bello,kano,Fashion,50382.0
Ngozi Chukwu,ogun,Home & Kitchen,37677.0
Tunde Bello,ABUJA,Fashion,54576.0
Oluwaseun Obiora,RIVERS,Home & Kitchen,32228.0
Yusuf Bello,LAGOS,Home & Kitchen,42255.0
Blessing Nwosu,Kano,Home & Kitchen,30312.0
Obinna Musa,Kano,Electronics,129480.0
Yusuf Yusuf,kano,Electronics,92024.0
Damilola Chukwu,Lagos,Electronics,134628.0
Chidi Obi,Rivers,Home & Kitchen,60118.0
Halima Nwosu,oyo,Electronics,74552.0
Aisha Chukwu,Lagos,Fashion,58450.0
Oluwaseun Chukwu,ogun,Food & Drinks,31540.0
Damilola Lawal,anambra,Home & Kitchen,46185.0
Zainab Ogundipe,delta,Home & Kitchen,130576.0
Fatima Abubakar,Kaduna,Electronics,39006.0
Tunde Nwosu,Enugu,Fashion,31353.0
Halima Abubakar,Rivers,Home & Kitchen,31951.0
Emeka Adeleke,Kaduna,Electronics,111116.0
Tunde Nwosu,Oyo,Fashion,45840.0
Amina Nwachukwu,Lagos,Electronics,59091.0
Yusuf Okafor,Rivers,Home & Kitchen,32548.0
Amina Bello,LAGOS,Electronics,39852.0
Damilola Salami,ABUJA,Fashion,71960.0
Fatima Usman,Kano,Electronics,38755.0
Tunde Lawal,Enugu,Fashion,38720.0
Obinna Garba,Rivers,Beauty & Health,63932.0
Ifeanyi Bello,Kaduna,Beauty & Health,71992.0
Chukwuemeka Salami,Rivers,Fashion,81196.0
Halima Ogundipe,Ogun,Fashion,113190.0
Chukwuemeka Okonkwo,Kano,Fashion,90050.0
Segun Nwachukwu,Delta,Beauty & Health,59885.0
Ngozi Musa,Enugu,Fashion,99572.0
Rukayat Mohammed,Abuja,Electronics,48276.0
Fatima Okafor,Enugu,Fashion,37788.0
Zainab Garba,Anambra,Electronics,56976.0
Segun Adeleke,Rivers,Beauty & Health,31650.0
Oluwaseun Obi,Lagos,Electronics,193525.0
Kemi Chukwu,rivers,Electronics,140135.0
Adaeze Nwachukwu,Kaduna,Electronics,78692.0
Ibrahim Abubakar,Enugu,Fashion,31974.0
Obinna Ogundipe,kano,Fashion,46185.0
Chukwuemeka Adeleke,Enugu,Electronics,30195.0
Halima Nwachukwu,Kaduna,Electronics,75224.0
Adaeze Lawal,Oyo,Home & Kitchen,69148.0
Halima Mohammed,Kano,Food & Drinks,35385.0
Chidi Adeleke,ogun,Electronics,86144.0
Oluwaseun Yusuf,RIVERS,Beauty & Health,78895.0
Ibrahim Bello,rivers,Beauty & Health,64825.0
Halima Adeyemi,Lagos,Food & Drinks,32015.0
Kemi Abubakar,Kaduna,Fashion,35409.0
Blessing Garba,KANO,Home & Kitchen,63339.0
Zainab Obiora,ABUJA,Electronics,124376.0
Zainab Salami,Abuja,Beauty & Health,39045.0
Chukwuemeka Okonkwo,Abuja,Home & Kitchen,172605.0
Ifeanyi Mohammed,Enugu,Electronics,39550.0
Ibrahim Obi,Kaduna,Fashion,123380.0
Blessing Nwosu,ogun,Fashion,57020.0
Emeka Ogundipe,oyo,Home & Kitchen,68680.0
Obinna Obi,ABUJA,Home & Kitchen,96093.0
Kemi Bello,Delta,Home & Kitchen,58530.0
Segun Chukwu,Delta,Fashion,74112.0
Tunde Abubakar,ENUGU,Beauty & Health,77410.0
Emeka Musa,Abuja,Beauty & Health,44949.0
Ngozi Eze,OYO,Fashion,70806.0
Chioma Ogundipe,DELTA,Beauty & Health,73140.0
Rukayat Nwachukwu,Delta,Beauty & Health,84300.0
Amina Obiora,Rivers,Home & Kitchen,66916.0
Fatima Abubakar,anambra,Fashion,47589.0
Emeka Bello,KADUNA,Beauty & Health,46014.0
Emeka Okonkwo,Enugu,Electronics,107853.0
Oluwaseun Okafor,KANO,Fashion,50748.0
Rukayat Abubakar,DELTA,Electronics,40676.0
Babatunde Abubakar,RIVERS,Home & Kitchen,64464.0
Chidi Eze,ogun,Beauty & Health,32620.0
